VMIP	CPUIDLE	CPUUSERLEVEL	CPUSYSTEMLEVEL	BOOTTIME	NUMCPU	INPACKETS	OUTPACKETS	SYSTEMCLOCK	OUTBYTES	INBYTES	FREEDISK	CPUSPEED	TOTALMEMORY	FREEMEMORY	TOTALDISKSIZE	MAXUSEDPARTITION	MAXTRANSFERUNIT	OSNAME	OSRELEASE	MACHINETYPE	CPUWIO	CPUNICE	SHAREDMEMORY	CACHEDMEMORY	MEMORYBUFFER	TOTALSWAPSPACE	FREESWAPSPACE	TOTALNUMPROCESSES	TOTALRUNPROCESSES	ONEMINUTELOAD	FIVEMINUTESLOAD	FIFTEENMINUTESLOAD
1432397127	43.5	33.5	22.9	1427368452	2	29.3	20.87	1427973386	3902.12	3021.39	55.932	3391.0	3612028.0	504484.0	74.919	25.3	0	Linux	3.13.0-48-generic	x86	0.2	0.0	0.0	1549716.0	380312.0	3657724.0	3657512.0	625	2	0.91	0.54	0.59	
1432397155	99.9	0.0	0.1	1427367964	2	15.3	8.2	1427973374	1085.55	1604.1	51.35	2394.0	2049920.0	126404.0	61.165	16.0	0	Linux	3.13.0-48-generic	x86_64	0.0	0.0	0.0	1185888.0	114244.0	2095100.0	2095100.0	223	0	0.0	0.13	0.19	
1432397190	1.3	90.0	8.6	1427368584	2	2.9	0.95	1427973377	82.31	208.95	37.75	2394.0	4047916.0	1258876.0	59.051	36.1	0	Linux	3.13.0-48-generic	x86_64	0.0	0.0	0.0	1222316.0	296036.0	4192252.0	4072936.0	354	0	2.67	3.31	8.99	
1432397127	18.7	51.3	23.9	1427368452	2	2911.24	48788.0	1427973426	7.338028E7	238580.94	55.932	3391.0	3612028.0	209900.0	74.919	25.3	0	Linux	3.13.0-48-generic	x86	6.1	0.0	0.0	1463988.0	375476.0	3657724.0	3657456.0	625	2	19.98	4.86	2.0	
1432397155	99.8	0.1	0.1	1427367964	2	8.15	4.37	1427973414	658.0	805.2	51.35	2394.0	2049920.0	126404.0	61.165	16.0	0	Linux	3.13.0-48-generic	x86_64	0.1	0.0	0.0	1185888.0	114244.0	2095100.0	2095100.0	223	0	0.0	0.13	0.19	
1432397190	0.0	91.9	8.1	1427368584	2	6.0	5.0	1427973417	1688.18	539.36	37.75	2394.0	4047916.0	1066444.0	59.051	36.1	0	Linux	3.13.0-48-generic	x86_64	0.0	0.0	0.0	1246192.0	296096.0	4192252.0	4072936.0	393	21	8.64	4.74	9.23	
1432397127	13.4	58.7	22.5	1427368452	2	5365.63	49416.12	1427973466	7.3265952E7	462513.28	55.932	3391.0	3612028.0	208832.0	74.919	25.3	0	Linux	3.13.0-48-generic	x86	5.4	0.0	0.0	1465284.0	375476.0	3657724.0	3657456.0	879	101	38.62	11.04	4.17	
1432397155	0.4	90.7	8.9	1427367964	2	8.15	4.37	1427973454	658.0	805.2	51.35	2394.0	2049920.0	115260.0	61.165	16.0	0	Linux	3.13.0-48-generic	x86_64	0.0	0.0	0.0	1185912.0	114324.0	2095100.0	2095100.0	223	0	17.36	4.34	1.59	
1432397190	0.0	90.8	9.2	1427368584	2	6.0	5.0	1427973457	1688.18	539.36	37.75	2394.0	4047916.0	1025716.0	59.051	36.1	0	Linux	3.13.0-48-generic	x86_64	0.0	0.0	0.0	1271532.0	296148.0	4192252.0	4072936.0	393	21	10.14	5.33	9.32	
1432397127	19.1	55.9	20.5	1427368452	2	5357.22	48925.05	1427973506	7.257584E7	457980.66	55.924	3391.0	3612028.0	198720.0	74.919	25.4	0	Linux	3.13.0-48-generic	x86	4.4	0.0	0.0	1466348.0	375484.0	3657724.0	3657456.0	879	101	47.28	18.23	6.99	
1432397155	0.6	88.9	10.5	1427367964	2	8.15	4.37	1427973494	658.0	805.2	51.35	2394.0	2049920.0	113056.0	61.165	16.0	0	Linux	3.13.0-48-generic	x86_64	0.0	0.0	0.0	1185916.0	114348.0	2095100.0	2095100.0	294	54	33.05	10.07	3.63	
1432397190	0.0	90.8	9.2	1427368584	2	6.0	5.0	1427973500	1688.18	539.36	37.675	2394.0	4047916.0	957536.0	59.051	36.2	0	Linux	3.13.0-48-generic	x86_64	0.0	0.0	0.0	1295876.0	296208.0	4192252.0	4072936.0	393	13	10.14	5.33	9.32	
1432397127	15.9	57.1	22.2	1427368452	2	5209.02	47871.68	1427973546	7.0996392E7	446563.34	55.924	3391.0	3612028.0	200660.0	74.919	25.4	0	Linux	3.13.0-48-generic	x86	4.9	0.0	0.0	1471468.0	375488.0	3657724.0	3657456.0	869	22	61.58	25.16	9.73	
1432397155	0.6	88.9	10.5	1427367964	2	8.15	4.37	1427973534	658.0	805.2	51.35	2394.0	2049920.0	113056.0	61.165	16.0	0	Linux	3.13.0-48-generic	x86_64	0.0	0.0	0.0	1185916.0	114348.0	2095100.0	2095100.0	294	54	45.06	15.86	5.84	
1432397190	0.0	91.2	8.8	1427368584	2	6.0	5.0	1427973537	1688.18	539.36	37.675	2394.0	4047916.0	781572.0	59.051	36.2	0	Linux	3.13.0-48-generic	x86_64	0.0	0.0	0.0	1320468.0	296268.0	4192252.0	4072936.0	393	13	13.56	7.67	9.74	
1432397127	23.1	53.9	19.5	1427368452	2	5061.65	49588.01	1427973586	7.3612288E7	435478.59	55.924	3391.0	3612028.0	227408.0	74.919	25.4	0	Linux	3.13.0-48-generic	x86	3.4	0.0	0.0	1437820.0	371712.0	3657724.0	3657456.0	869	22	62.76	29.89	12.02	
1432397155	0.9	88.7	10.4	1427367964	2	8.15	4.37	1427973584	658.0	805.2	51.35	2394.0	2049920.0	113056.0	61.165	16.0	0	Linux	3.13.0-48-generic	x86_64	0.0	0.0	0.0	1185916.0	114348.0	2095100.0	2095100.0	293	71	43.61	19.2	7.39	
1432397190	0.0	91.2	8.8	1427368584	2	6.0	5.0	1427973577	1688.18	539.36	37.675	2394.0	4047916.0	632888.0	59.051	36.2	0	Linux	3.13.0-48-generic	x86_64	0.0	0.0	0.0	1345144.0	296324.0	4192252.0	4072936.0	393	19	13.56	7.67	9.74	
1432397127	20.9	54.1	21.3	1427368452	2	5150.72	47226.63	1427973626	7.005264E7	440030.13	55.924	3391.0	3612028.0	218476.0	74.919	25.4	0	Linux	3.13.0-48-generic	x86	3.7	0.0	0.0	1442828.0	371720.0	3657724.0	3657456.0	892	99	72.92	36.21	14.81	
1432397155	0.9	88.7	10.4	1427367964	2	8.15	4.37	1427973614	658.0	805.2	51.35	2394.0	2049920.0	110492.0	61.165	16.0	0	Linux	3.13.0-48-generic	x86_64	0.0	0.0	0.0	1185920.0	114404.0	2095100.0	2095100.0	293	71	49.45	23.9	9.48	
1432397190	0.0	91.1	8.9	1427368584	2	6.0	5.0	1427973617	1688.18	539.36	37.675	2394.0	4047916.0	605956.0	59.051	36.2	0	Linux	3.13.0-48-generic	x86_64	0.0	0.0	0.0	1370328.0	296388.0	4192252.0	4072936.0	393	19	15.42	9.53	10.22	
1432397127	22.9	55.4	19.1	1427368452	2	4908.75	48364.3	1427973667	7.1764864E7	423069.16	55.895	3391.0	3612028.0	216704.0	74.919	25.4	0	Linux	3.13.0-48-generic	x86	2.6	0.0	0.0	1447816.0	371732.0	3657724.0	3657456.0	892	99	65.63	38.6	16.58	
1432397155	0.8	89.4	9.8	1427367964	2	8.15	4.37	1427973654	658.0	805.2	51.35	2394.0	2049920.0	110492.0	61.165	16.0	0	Linux	3.13.0-48-generic	x86_64	0.0	0.0	0.0	1185920.0	114404.0	2095100.0	2095100.0	293	24	52.23	27.92	11.44	
1432397190	0.0	91.1	8.9	1427368584	2	6.0	5.0	1427973663	1688.18	539.36	37.675	2394.0	4047916.0	577656.0	59.051	36.2	0	Linux	3.13.0-48-generic	x86_64	0.0	0.0	0.0	1395424.0	296452.0	4192252.0	4072936.0	393	15	15.1	10.24	10.43	
1432397127	22.9	55.1	18.8	1427368452	2	4890.24	45489.3	1427973706	6.7437824E7	419346.5	55.895	3391.0	3612028.0	212344.0	74.919	25.4	0	Linux	3.13.0-48-generic	x86	3.2	0.0	0.0	1452632.0	371740.0	3657724.0	3657456.0	878	1	57.25	39.83	17.82	
1432397155	0.8	89.4	9.8	1427367964	2	1.92	0.97	1427973694	89.34	161.27	51.35	2394.0	2049920.0	106880.0	61.165	16.0	0	Linux	3.13.0-48-generic	x86_64	0.0	0.0	0.0	1185920.0	114448.0	2095100.0	2095100.0	293	24	55.39	31.74	13.42	
1432397190	0.0	91.3	8.5	1427368584	2	6.0	5.0	1427973697	1688.18	539.36	37.548	2394.0	4047916.0	549196.0	59.051	36.4	0	Linux	3.13.0-48-generic	x86_64	0.1	0.0	0.0	1420612.0	296500.0	4192252.0	4072936.0	393	15	15.1	10.24	10.43	
1432397127	19.1	57.8	21.0	1427368452	2	5602.23	50209.73	1427973746	7.4415552E7	479800.22	55.895	3391.0	3612028.0	194052.0	74.919	25.4	0	Linux	3.13.0-48-generic	x86	2.1	0.0	0.0	1458232.0	371748.0	3657724.0	3657456.0	878	1	64.95	44.58	20.49	
1432397155	1.0	89.5	9.5	1427367964	2	1.92	0.97	1427973744	89.34	161.27	51.35	2394.0	2049920.0	106880.0	61.165	16.0	0	Linux	3.13.0-48-generic	x86_64	0.0	0.0	0.0	1185920.0	114448.0	2095100.0	2095100.0	293	71	56.16	34.99	15.29	
1432397190	0.0	91.3	8.5	1427368584	2	1.87	1.0	1427973737	87.7	165.12	37.548	2394.0	4047916.0	519668.0	59.051	36.4	0	Linux	3.13.0-48-generic	x86_64	0.1	0.0	0.0	1446812.0	296572.0	4192252.0	4072936.0	394	16	13.69	10.82	10.62	
1432397127	19.8	56.6	22.1	1427368452	2	5417.25	51275.13	1427973786	7.60568E7	465566.72	55.895	3391.0	3612028.0	189156.0	74.919	25.4	0	Linux	3.13.0-48-generic	x86	1.5	0.0	0.0	1463700.0	371756.0	3657724.0	3657456.0	877	20	66.75	47.45	22.35	
1432397155	0.9	88.3	10.7	1427367964	2	1.92	0.97	1427973776	89.34	161.27	51.35	2394.0	2049920.0	106880.0	61.165	16.0	0	Linux	3.13.0-48-generic	x86_64	0.0	0.0	0.0	1185920.0	114448.0	2095100.0	2095100.0	293	71	57.03	38.14	17.19	
1432397190	0.0	91.2	8.8	1427368584	2	1.87	1.0	1427973787	87.7	165.12	37.548	2394.0	4047916.0	491788.0	59.051	36.4	0	Linux	3.13.0-48-generic	x86_64	0.0	0.0	0.0	1472468.0	296628.0	4192252.0	4072936.0	394	16	13.69	10.82	10.62	
1432397127	18.4	58.6	20.2	1427368452	2	5752.52	49525.01	1427973826	7.3404512E7	488082.31	55.895	3391.0	3612028.0	280284.0	74.919	25.4	0	Linux	3.13.0-48-generic	x86	2.8	0.0	0.0	1389308.0	360992.0	3657724.0	3657416.0	877	20	64.86	48.6	23.4	
1432397155	0.9	88.3	10.7	1427367964	2	1.92	0.97	1427973814	89.34	161.27	51.35	2394.0	2049920.0	104848.0	61.165	16.0	0	Linux	3.13.0-48-generic	x86_64	0.0	0.0	0.0	1185920.0	114496.0	2095100.0	2095100.0	293	70	57.13	40.52	18.88	
1432397190	0.0	90.1	9.9	1427368584	2	1.87	1.0	1427973817	87.7	165.12	37.548	2394.0	4047916.0	464124.0	59.051	36.4	0	Linux	3.13.0-48-generic	x86_64	0.0	0.0	0.0	1496432.0	296696.0	4192252.0	4072936.0	394	10	15.36	12.04	11.07	
1432397127	19.3	57.2	22.0	1427368452	2	5585.52	49829.61	1427973866	7.38454E7	477488.0	55.868	3391.0	3612028.0	265932.0	74.919	25.4	0	Linux	3.13.0-48-generic	x86	1.5	0.0	0.0	1395084.0	360992.0	3657724.0	3657416.0	890	63	69.94	51.61	25.45	
1432397155	0.9	89.0	10.2	1427367964	2	1.92	0.97	1427973854	89.34	161.27	51.35	2394.0	2049920.0	104848.0	61.165	16.0	0	Linux	3.13.0-48-generic	x86_64	0.0	0.0	0.0	1185920.0	114496.0	2095100.0	2095100.0	293	70	58.09	42.7	20.51	
1432397190	0.0	90.1	9.9	1427368584	2	1.87	1.0	1427973860	87.7	165.12	37.447	2394.0	4047916.0	437208.0	59.051	36.6	0	Linux	3.13.0-48-generic	x86_64	0.0	0.0	0.0	1520124.0	296760.0	4192252.0	4072936.0	394	10	15.36	12.04	11.07	
1432397127	19.3	57.2	22.0	1427368452	2	5586.08	48725.27	1427973906	7.2210024E7	474956.75	55.868	3391.0	3612028.0	259880.0	74.919	25.4	0	Linux	3.13.0-48-generic	x86	1.5	0.0	0.0	1400268.0	360996.0	3657724.0	3657416.0	890	63	62.88	53.2	27.65	
1432397155	0.9	90.1	9.0	1427367964	2	1.92	0.97	1427973894	89.34	161.27	51.35	2394.0	2049920.0	102740.0	61.165	16.0	0	Linux	3.13.0-48-generic	x86_64	0.0	0.0	0.0	1185920.0	114524.0	2095100.0	2095100.0	293	71	56.25	44.36	22.02	
1432397190	0.0	89.6	10.4	1427368584	2	1.87	1.0	1427973907	87.7	165.12	37.447	2394.0	4047916.0	409580.0	59.051	36.6	0	Linux	3.13.0-48-generic	x86_64	0.0	0.0	0.0	1543604.0	296824.0	4192252.0	4072936.0	394	15	14.47	12.94	11.51	
1432397127	20.9	56.5	20.1	1427368452	2	5224.08	48390.79	1427973946	7.1715768E7	448735.16	55.868	3391.0	3612028.0	245544.0	74.919	25.4	0	Linux	3.13.0-48-generic	x86	2.5	0.0	0.0	1405556.0	361004.0	3657724.0	3657416.0	871	0	62.88	53.2	27.65	
1432397155	1.4	88.3	10.3	1427367964	2	1.92	0.97	1427973934	89.34	161.27	51.35	2394.0	2049920.0	102740.0	61.165	16.0	0	Linux	3.13.0-48-generic	x86_64	0.0	0.0	0.0	1185920.0	114524.0	2095100.0	2095100.0	293	71	58.46	45.62	22.91	
1432397190	0.0	89.6	10.4	1427368584	2	1.87	1.0	1427973937	87.7	165.12	37.447	2394.0	4047916.0	381380.0	59.051	36.6	0	Linux	3.13.0-48-generic	x86_64	0.0	0.0	0.0	1567532.0	296884.0	4192252.0	4072936.0	394	15	14.47	12.94	11.51	
1432397127	21.2	57.0	18.7	1427368452	2	5020.28	45185.83	1427973986	6.6916928E7	431380.47	55.868	3391.0	3612028.0	248332.0	74.919	25.4	0	Linux	3.13.0-48-generic	x86	3.1	0.0	0.0	1410664.0	361016.0	3657724.0	3657416.0	871	0	55.0	53.62	29.94	
1432397155	1.4	88.3	10.3	1427367964	2	1.92	0.97	1427973974	89.34	161.27	51.35	2394.0	2049920.0	102740.0	61.165	16.0	0	Linux	3.13.0-48-generic	x86_64	0.0	0.0	0.0	1185920.0	114524.0	2095100.0	2095100.0	293	71	60.05	48.31	25.25	
1432397190	0.0	89.6	10.4	1427368584	2	1.87	1.0	1427973977	87.7	165.12	37.447	2394.0	4047916.0	354852.0	59.051	36.6	0	Linux	3.13.0-48-generic	x86_64	0.0	0.0	0.0	1591080.0	296948.0	4192252.0	4072936.0	393	13	16.54	13.87	11.95	
1432397127	24.1	53.3	20.7	1427368452	2	4819.1	46637.27	1427974026	6.9151704E7	414415.47	55.846	3391.0	3612028.0	238232.0	74.919	25.5	0	Linux	3.13.0-48-generic	x86	1.9	0.0	0.0	1415576.0	361020.0	3657724.0	3657416.0	888	116	55.41	53.51	30.76	
1432397155	0.9	88.7	10.5	1427367964	2	2.15	0.45	1427974014	36.82	158.75	51.35	2394.0	2049920.0	100212.0	61.165	16.0	0	Linux	3.13.0-48-generic	x86_64	0.0	0.0	0.0	1185920.0	114564.0	2095100.0	2095100.0	293	71	62.52	50.36	26.91	
1432397190	0.0	89.6	10.4	1427368584	2	2.2	0.47	1427974017	38.83	151.38	37.447	2394.0	4047916.0	329112.0	59.051	36.6	0	Linux	3.13.0-48-generic	x86_64	0.0	0.0	0.0	1613892.0	297012.0	4192252.0	4072936.0	393	13	16.54	13.87	11.95	
1432397127	25.1	55.1	18.7	1427368452	2	4969.53	46236.58	1427974066	6.8512024E7	426981.31	55.846	3391.0	3612028.0	236408.0	74.919	25.5	0	Linux	3.13.0-48-generic	x86	1.0	0.0	0.0	1420676.0	361020.0	3657724.0	3657416.0	888	116	52.05	54.0	32.06	
1432397155	0.9	91.4	7.7	1427367964	2	2.15	0.45	1427974054	36.82	158.75	51.35	2394.0	2049920.0	100212.0	61.165	16.0	0	Linux	3.13.0-48-generic	x86_64	0.0	0.0	0.0	1185920.0	114564.0	2095100.0	2095100.0	293	70	60.32	51.16	28.16	
1432397190	0.0	89.6	10.4	1427368584	2	2.2	0.47	1427974067	38.83	151.38	37.327	2394.0	4047916.0	302828.0	59.051	36.8	0	Linux	3.13.0-48-generic	x86_64	0.0	0.0	0.0	1637852.0	297072.0	4192252.0	4072936.0	394	20	15.69	14.28	12.25	
1432397127	17.9	60.1	19.3	1427368452	2	4897.25	47837.54	1427974106	7.095032E7	420851.66	55.846	3391.0	3612028.0	232912.0	74.919	25.5	0	Linux	3.13.0-48-generic	x86	2.7	0.0	0.0	1425672.0	361020.0	3657724.0	3657416.0	874	2	49.63	53.51	32.73	
1432397155	0.9	88.4	10.7	1427367964	2	2.15	0.45	1427974094	36.82	158.75	51.35	2394.0	2049920.0	100212.0	61.165	16.0	0	Linux	3.13.0-48-generic	x86_64	0.0	0.0	0.0	1185920.0	114564.0	2095100.0	2095100.0	293	70	63.35	53.07	29.77	
1432397190	0.0	91.2	8.8	1427368584	2	2.2	0.47	1427974097	38.83	151.38	37.327	2394.0	4047916.0	274036.0	59.051	36.8	0	Linux	3.13.0-48-generic	x86_64	0.0	0.0	0.0	1662616.0	297128.0	4192252.0	4072936.0	394	20	13.31	13.84	12.19	
1432397127	20.5	55.8	21.3	1427368452	2	5001.72	45718.98	1427974146	6.7750256E7	426311.88	55.846	3391.0	3612028.0	208912.0	74.919	25.5	0	Linux	3.13.0-48-generic	x86	2.3	0.0	0.0	1426316.0	361028.0	3657724.0	3657416.0	874	2	76.56	59.91	35.87	
1432397155	0.9	88.4	10.7	1427367964	2	2.15	0.45	1427974134	36.82	158.75	51.35	2394.0	2049920.0	100212.0	61.165	16.0	0	Linux	3.13.0-48-generic	x86_64	0.0	0.0	0.0	1185920.0	114564.0	2095100.0	2095100.0	293	18	65.01	54.73	31.31	
1432397190	0.0	91.2	8.8	1427368584	2	2.2	0.47	1427974137	38.83	151.38	37.327	2394.0	4047916.0	247356.0	59.051	36.8	0	Linux	3.13.0-48-generic	x86_64	0.0	0.0	0.0	1687236.0	297180.0	4192252.0	4072936.0	394	20	14.24	13.97	12.3	
1432397127	19.4	60.0	18.5	1427368452	2	4743.73	45534.94	1427974186	6.7476936E7	408094.59	55.846	3391.0	3612028.0	212216.0	74.919	25.5	0	Linux	3.13.0-48-generic	x86	2.1	0.0	0.0	1431116.0	361032.0	3657724.0	3657416.0	892	108	77.13	61.9	37.42	
1432397155	1.0	89.3	9.7	1427367964	2	2.15	0.45	1427974174	36.82	158.75	51.35	2394.0	2049920.0	98220.0	61.165	16.0	0	Linux	3.13.0-48-generic	x86_64	0.0	0.0	0.0	1185920.0	114616.0	2095100.0	2095100.0	293	18	61.53	55.16	32.45	
1432397190	0.0	90.5	9.3	1427368584	2	2.2	0.47	1427974177	38.83	151.38	37.327	2394.0	4047916.0	220236.0	59.051	36.8	0	Linux	3.13.0-48-generic	x86_64	0.0	0.2	0.0	1711616.0	297244.0	4192252.0	4072936.0	394	20	14.24	13.97	12.3	
1432397127	21.5	57.6	17.8	1427368452	2	4780.15	44495.69	1427974226	6.5899592E7	408956.72	55.822	3391.0	3612028.0	215644.0	74.919	25.5	0	Linux	3.13.0-48-generic	x86	3.1	0.0	0.0	1435804.0	361032.0	3657724.0	3657416.0	892	108	78.59	64.58	39.5	
1432397155	0.9	88.2	10.9	1427367964	2	2.15	0.45	1427974214	36.82	158.75	51.35	2394.0	2049920.0	98220.0	61.165	16.0	0	Linux	3.13.0-48-generic	x86_64	0.0	0.0	0.0	1185920.0	114616.0	2095100.0	2095100.0	293	27	54.8	54.12	33.05	
1432397190	0.0	90.5	9.3	1427368584	2	2.2	0.47	1427974227	38.83	151.38	37.226	2394.0	4047916.0	189668.0	59.051	37.0	0	Linux	3.13.0-48-generic	x86_64	0.0	0.2	0.0	1736456.0	297308.0	4192252.0	4072936.0	394	18	15.09	14.25	12.53	
1432397127	18.6	59.1	19.8	1427368452	2	4820.39	43731.57	1427974267	6.4782584E7	409739.38	55.822	3391.0	3612028.0	189368.0	74.919	25.5	0	Linux	3.13.0-48-generic	x86	2.5	0.0	0.0	1440340.0	361052.0	3657724.0	3657416.0	875	39	70.71	63.94	40.2	
1432397155	0.9	88.2	10.9	1427367964	2	2.15	0.45	1427974254	36.82	158.75	51.35	2394.0	2049920.0	98220.0	61.165	16.0	0	Linux	3.13.0-48-generic	x86_64	0.0	0.0	0.0	1185920.0	114616.0	2095100.0	2095100.0	293	27	57.83	55.06	34.25	
1432397190	0.0	90.2	9.8	1427368584	2	2.2	0.47	1427974267	38.83	151.38	37.226	2394.0	4047916.0	161188.0	59.051	37.0	0	Linux	3.13.0-48-generic	x86_64	0.0	0.0	0.0	1760900.0	297372.0	4192252.0	4072936.0	394	18	15.09	14.25	12.53	
1432397127	18.5	60.1	17.3	1427368452	2	4354.55	42283.34	1427974306	6.2675424E7	372000.78	55.822	3391.0	3612028.0	206856.0	74.919	25.5	0	Linux	3.13.0-48-generic	x86	4.1	0.0	0.0	1440408.0	361056.0	3657724.0	3657416.0	875	39	61.14	62.12	40.69	
1432397155	1.0	87.6	11.4	1427367964	2	4.72	0.55	1427974294	45.75	303.02	51.35	2394.0	2049920.0	98220.0	61.165	16.0	0	Linux	3.13.0-48-generic	x86_64	0.0	0.0	0.0	1185920.0	114616.0	2095100.0	2095100.0	293	69	58.4	55.59	35.31	
1432397190	0.0	90.2	9.8	1427368584	2	2.2	0.47	1427974297	38.83	151.38	37.226	2394.0	4047916.0	156032.0	59.051	37.0	0	Linux	3.13.0-48-generic	x86_64	0.0	0.0	0.0	1778964.0	285740.0	4192252.0	4072288.0	394	22	16.14	14.67	12.82	
1432397127	20.8	59.4	17.2	1427368452	2	4326.35	40152.55	1427974346	5.9407916E7	369546.88	55.822	3391.0	3612028.0	196212.0	74.919	25.5	0	Linux	3.13.0-48-generic	x86	2.5	0.0	0.0	1444616.0	361060.0	3657724.0	3657416.0	869	33	54.57	59.96	40.74	
1432397155	0.9	89.4	9.7	1427367964	2	4.72	0.55	1427974334	45.75	303.02	51.35	2394.0	2049920.0	95100.0	61.165	16.0	0	Linux	3.13.0-48-generic	x86_64	0.0	0.0	0.0	1185920.0	114704.0	2095100.0	2095100.0	293	69	58.54	55.98	36.3	
1432397190	0.0	90.2	9.8	1427368584	2	4.88	0.68	1427974337	55.35	331.6	37.226	2394.0	4047916.0	154836.0	59.051	37.0	0	Linux	3.13.0-48-generic	x86_64	0.0	0.0	0.0	1787832.0	279828.0	4192252.0	4069952.0	394	22	13.91	14.28	12.76	
1432397127	16.1	61.0	19.7	1427368452	2	4279.82	40285.57	1427974386	5.962166E7	365636.03	55.804	3391.0	3612028.0	182680.0	74.919	25.5	0	Linux	3.13.0-48-generic	x86	3.1	0.0	0.0	1448740.0	361072.0	3657724.0	3657416.0	869	33	63.69	61.03	41.98	
1432397155	0.9	89.4	9.7	1427367964	2	4.72	0.55	1427974376	45.75	303.02	51.35	2394.0	2049920.0	94008.0	61.165	16.0	0	Linux	3.13.0-48-generic	x86_64	0.0	0.0	0.0	1185920.0	114716.0	2095100.0	2095100.0	293	20	61.79	56.89	37.02	
1432397190	0.0	91.5	8.5	1427368584	2	4.88	0.68	1427974377	55.35	331.6	37.226	2394.0	4047916.0	161048.0	59.051	37.0	0	Linux	3.13.0-48-generic	x86_64	0.0	0.0	0.0	1806564.0	256808.0	4192252.0	4067620.0	393	18	15.52	14.63	12.91	
1432397127	13.7	65.0	18.1	1427368452	2	4396.18	39869.34	1427974426	5.8932796E7	375822.06	55.804	3391.0	3612028.0	192380.0	74.919	25.5	0	Linux	3.13.0-48-generic	x86	3.2	0.0	0.0	1437356.0	354924.0	3657724.0	3657416.0	883	11	64.83	61.32	42.47	
1432397155	1.0	88.9	10.2	1427367964	2	4.72	0.55	1427974414	45.75	303.02	51.35	2394.0	2049920.0	94008.0	61.165	16.0	0	Linux	3.13.0-48-generic	x86_64	0.0	0.0	0.0	1185920.0	114716.0	2095100.0	2095100.0	293	20	61.79	56.89	37.02	
1432397190	0.0	91.5	8.5	1427368584	2	4.88	0.68	1427974417	55.35	331.6	37.1	2394.0	4047916.0	151656.0	59.051	37.2	0	Linux	3.13.0-48-generic	x86_64	0.0	0.0	0.0	1819172.0	254652.0	4192252.0	4065060.0	393	18	15.52	14.63	12.91	
1432397127	11.8	65.6	18.0	1427368452	2	4387.68	39804.63	1427974466	5.8924396E7	371600.91	55.804	3391.0	3612028.0	227988.0	74.919	25.5	0	Linux	3.13.0-48-generic	x86	4.6	0.0	0.0	1420976.0	348628.0	3657724.0	3657416.0	883	11	64.94	61.42	43.65	
1432397155	1.0	88.9	10.2	1427367964	2	4.72	0.55	1427974454	45.75	303.02	51.35	2394.0	2049920.0	91800.0	61.165	16.0	0	Linux	3.13.0-48-generic	x86_64	0.0	0.0	0.0	1185920.0	114756.0	2095100.0	2095100.0	293	48	59.86	57.72	38.97	
1432397190	0.0	89.9	10.0	1427368584	2	4.88	0.68	1427974457	55.35	331.6	37.1	2394.0	4047916.0	135200.0	59.051	37.2	0	Linux	3.13.0-48-generic	x86_64	0.0	0.0	0.0	1842828.0	247504.0	4192252.0	4064520.0	393	21	16.6	15.14	13.23	
1432397127	17.4	59.7	18.7	1427368452	2	4321.4	38635.02	1427974506	5.7203832E7	364590.53	55.804	3391.0	3612028.0	217916.0	74.919	25.5	0	Linux	3.13.0-48-generic	x86	4.1	0.0	0.0	1424820.0	348640.0	3657724.0	3657416.0	874	83	64.94	61.42	43.65	
1432397155	0.9	89.6	9.5	1427367964	2	4.72	0.55	1427974494	45.75	303.02	51.35	2394.0	2049920.0	91800.0	61.165	16.0	0	Linux	3.13.0-48-generic	x86_64	0.0	0.0	0.0	1185920.0	114756.0	2095100.0	2095100.0	293	48	52.46	56.47	39.74	
1432397190	0.0	90.4	9.6	1427368584	2	4.88	0.68	1427974497	55.35	331.6	37.1	2394.0	4047916.0	142440.0	59.051	37.2	0	Linux	3.13.0-48-generic	x86_64	0.0	0.0	0.0	1861120.0	222392.0	4192252.0	4061964.0	393	21	16.6	15.14	13.23	
1432397127	12.5	67.4	17.3	1427368452	2	4376.29	40379.61	1427974546	5.9808656E7	369400.16	55.804	3391.0	3612028.0	219012.0	74.919	25.5	0	Linux	3.13.0-48-generic	x86	2.8	0.0	0.0	1428784.0	348656.0	3657724.0	3657416.0	874	83	62.16	61.04	44.98	
1432397155	0.9	88.5	10.6	1427367964	2	4.72	0.55	1427974534	45.75	303.02	51.35	2394.0	2049920.0	89604.0	61.165	16.0	0	Linux	3.13.0-48-generic	x86_64	0.0	0.0	0.0	1185920.0	114776.0	2095100.0	2095100.0	293	71	51.61	55.81	40.23	
1432397190	0.0	90.4	9.6	1427368584	2	4.88	0.68	1427974537	55.35	331.6	37.1	2394.0	4047916.0	139256.0	59.051	37.2	0	Linux	3.13.0-48-generic	x86_64	0.0	0.0	0.0	1884324.0	200944.0	4192252.0	4060392.0	393	10	14.94	15.08	13.41	
1432397127	22.6	59.1	16.0	1427368452	2	4471.75	39207.61	1427974586	5.803584E7	376022.44	55.784	3391.0	3612028.0	217480.0	74.919	25.5	0	Linux	3.13.0-48-generic	x86	2.3	0.0	0.0	1432696.0	348656.0	3657724.0	3657416.0	859	0	59.11	60.6	45.43	
1432397155	0.9	88.5	10.6	1427367964	2	4.72	0.55	1427974574	45.75	303.02	51.35	2394.0	2049920.0	89604.0	61.165	16.0	0	Linux	3.13.0-48-generic	x86_64	0.0	0.0	0.0	1185920.0	114776.0	2095100.0	2095100.0	293	71	53.66	56.02	40.63	
1432397190	0.0	90.1	9.8	1427368584	2	4.88	0.68	1427974580	55.35	331.6	36.999	2394.0	4047916.0	145540.0	59.051	37.3	0	Linux	3.13.0-48-generic	x86_64	0.0	0.0	0.0	1905368.0	173660.0	4192252.0	4058920.0	393	10	14.94	15.08	13.41	
1432397127	16.6	62.5	18.2	1427368452	2	4221.88	39430.79	1427974626	5.8410292E7	357101.78	55.784	3391.0	3612028.0	195612.0	74.919	25.5	0	Linux	3.13.0-48-generic	x86	2.8	0.0	0.0	1436564.0	348656.0	3657724.0	3657416.0	859	0	44.46	56.83	44.82	
1432397155	0.9	90.6	8.4	1427367964	2	1.9	0.62	1427974624	52.75	169.28	51.35	2394.0	2049920.0	87844.0	61.165	16.0	0	Linux	3.13.0-48-generic	x86_64	0.0	0.0	0.0	1185920.0	114812.0	2095100.0	2095100.0	293	58	54.66	55.59	41.43	
1432397190	0.0	90.1	9.8	1427368584	2	1.17	0.82	1427974617	70.15	91.15	36.999	2394.0	4047916.0	148452.0	59.051	37.3	0	Linux	3.13.0-48-generic	x86_64	0.0	0.0	0.0	1924780.0	154264.0	4192252.0	4056064.0	393	23	16.09	15.22	13.58	
1432397127	14.6	65.6	18.2	1427368452	2	4313.65	39878.71	1427974666	5.9078848E7	364480.97	55.784	3391.0	3612028.0	206880.0	74.919	25.5	0	Linux	3.13.0-48-generic	x86	1.7	0.0	0.0	1440476.0	348660.0	3657724.0	3657416.0	886	106	36.91	53.77	44.32	
1432397155	0.9	90.6	8.4	1427367964	2	1.9	0.62	1427974654	52.75	169.28	51.35	2394.0	2049920.0	86324.0	61.165	16.0	0	Linux	3.13.0-48-generic	x86_64	0.0	0.0	0.0	1185920.0	114828.0	2095100.0	2095100.0	293	58	54.87	55.26	41.9	
1432397190	0.0	90.4	9.6	1427368584	2	1.17	0.82	1427974667	70.15	91.15	36.999	2394.0	4047916.0	155676.0	59.051	37.3	0	Linux	3.13.0-48-generic	x86_64	0.0	0.0	0.0	1946264.0	127188.0	4192252.0	4054748.0	393	23	16.09	15.22	13.58	
1432397127	13.7	65.7	17.9	1427368452	2	4597.24	43844.61	1427974706	6.496488E7	392008.38	55.784	3391.0	3612028.0	204320.0	74.919	25.5	0	Linux	3.13.0-48-generic	x86	2.8	0.0	0.0	1444900.0	348668.0	3657724.0	3657416.0	886	106	41.31	52.32	44.2	
1432397155	0.9	90.6	8.4	1427367964	2	1.9	0.62	1427974694	52.75	169.28	51.35	2394.0	2049920.0	86324.0	61.165	16.0	0	Linux	3.13.0-48-generic	x86_64	0.0	0.0	0.0	1185920.0	114828.0	2095100.0	2095100.0	293	70	61.79	56.97	43.04	
1432397190	0.0	90.4	9.6	1427368584	2	1.17	0.82	1427974707	70.15	91.15	36.999	2394.0	4047916.0	141196.0	59.051	37.3	0	Linux	3.13.0-48-generic	x86_64	0.0	0.0	0.0	1960748.0	126496.0	4192252.0	4052796.0	393	7	16.43	15.4	13.78	
1432397127	11.8	64.5	21.4	1427368452	2	4678.12	43830.27	1427974746	6.4975476E7	395819.53	55.768	3391.0	3612028.0	180936.0	74.919	25.6	0	Linux	3.13.0-48-generic	x86	2.3	0.0	0.0	1445044.0	348680.0	3657724.0	3657416.0	896	112	52.52	53.87	45.07	
1432397155	0.9	89.7	9.4	1427367964	2	1.9	0.62	1427974734	52.75	169.28	51.35	2394.0	2049920.0	84640.0	61.165	16.0	0	Linux	3.13.0-48-generic	x86_64	0.0	0.0	0.0	1185920.0	114852.0	2095100.0	2095100.0	293	70	54.88	55.82	43.24	
1432397190	0.0	90.4	9.6	1427368584	2	1.17	0.82	1427974737	70.15	91.15	36.999	2394.0	4047916.0	140328.0	59.051	37.3	0	Linux	3.13.0-48-generic	x86_64	0.0	0.0	0.0	1982108.0	107872.0	4192252.0	4052464.0	393	7	14.87	15.1	13.71	
1432397127	10.7	68.9	17.4	1427368452	2	4861.82	43967.84	1427974786	6.5243244E7	407195.97	55.768	3391.0	3612028.0	186544.0	74.919	25.6	0	Linux	3.13.0-48-generic	x86	3.0	0.0	0.0	1445060.0	348684.0	3657724.0	3657416.0	896	112	47.04	52.12	44.85	
1432397155	0.9	89.7	9.4	1427367964	2	1.9	0.62	1427974774	52.75	169.28	51.35	2394.0	2049920.0	83596.0	61.165	16.0	0	Linux	3.13.0-48-generic	x86_64	0.0	0.0	0.0	1185920.0	114868.0	2095100.0	2095100.0	294	70	56.22	55.89	43.78	
1432397190	0.1	91.0	8.9	1427368584	2	1.17	0.82	1427974777	70.15	91.15	36.872	2394.0	4047916.0	138956.0	59.051	37.6	0	Linux	3.13.0-48-generic	x86_64	0.0	0.0	0.0	1996836.0	96320.0	4192252.0	4051240.0	393	14	14.87	15.1	13.71	
1432397127	9.4	69.8	18.2	1427368452	2	4767.12	44678.02	1427974826	6.6283564E7	400292.09	55.768	3391.0	3612028.0	175908.0	74.919	25.6	0	Linux	3.13.0-48-generic	x86	2.6	0.0	0.0	1445040.0	348704.0	3657724.0	3657416.0	880	96	57.48	54.5	45.97	
1432397155	0.9	90.0	9.1	1427367964	2	1.9	0.62	1427974814	52.75	169.28	51.35	2394.0	2049920.0	83596.0	61.165	16.0	0	Linux	3.13.0-48-generic	x86_64	0.0	0.0	0.0	1185920.0	114868.0	2095100.0	2095100.0	294	70	56.22	55.89	43.78	
1432397190	0.1	91.0	8.9	1427368584	2	1.17	0.82	1427974817	70.15	91.15	36.872	2394.0	4047916.0	143824.0	59.051	37.6	0	Linux	3.13.0-48-generic	x86_64	0.0	0.0	0.0	1993384.0	96312.0	4192252.0	4049920.0	393	14	14.29	14.81	13.72	
1432397127	9.9	67.3	19.7	1427368452	2	4601.84	43436.68	1427974867	6.4469552E7	385773.38	55.768	3391.0	3612028.0	257876.0	74.919	25.6	0	Linux	3.13.0-48-generic	x86	3.1	0.0	0.0	1383152.0	323536.0	3657724.0	3657064.0	880	96	64.89	56.83	47.12	
1432397155	0.9	90.0	9.1	1427367964	2	1.9	0.62	1427974854	52.75	169.28	51.35	2394.0	2049920.0	82196.0	61.165	16.0	0	Linux	3.13.0-48-generic	x86_64	0.0	0.0	0.0	1185920.0	114896.0	2095100.0	2095100.0	294	70	56.33	55.72	44.71	
1432397190	0.0	90.5	9.4	1427368584	2	1.17	0.82	1427974863	70.15	91.15	36.872	2394.0	4047916.0	141368.0	59.051	37.6	0	Linux	3.13.0-48-generic	x86_64	0.0	0.0	0.0	1997348.0	95304.0	4192252.0	4049004.0	393	22	14.02	14.72	13.74	
1432397127	14.1	65.8	17.9	1427368452	2	4644.72	41949.87	1427974906	6.2237588E7	388006.47	55.768	3391.0	3612028.0	261388.0	74.919	25.6	0	Linux	3.13.0-48-generic	x86	2.2	0.0	0.0	1387080.0	323548.0	3657724.0	3657064.0	878	25	75.89	60.37	48.7	
1432397155	1.0	91.0	8.0	1427367964	2	1.1	0.55	1427974894	43.76	90.91	51.35	2394.0	2049920.0	80744.0	61.165	16.0	0	Linux	3.13.0-48-generic	x86_64	0.0	0.0	0.0	1185920.0	114904.0	2095100.0	2095100.0	294	70	60.37	56.71	45.5	
1432397190	0.0	89.7	10.3	1427368584	2	1.17	0.82	1427974897	70.15	91.15	36.872	2394.0	4047916.0	156180.0	59.051	37.6	0	Linux	3.13.0-48-generic	x86_64	0.0	0.0	0.0	2010400.0	70316.0	4192252.0	4048228.0	393	22	15.04	14.88	13.83	
1432397127	11.4	69.1	16.3	1427368452	2	4370.63	40382.08	1427974946	5.9899088E7	365352.72	55.747	3391.0	3612028.0	258256.0	74.919	25.6	0	Linux	3.13.0-48-generic	x86	3.2	0.0	0.0	1390868.0	323556.0	3657724.0	3657064.0	878	25	60.13	57.72	48.07	
1432397155	1.0	91.0	8.0	1427367964	2	1.1	0.55	1427974934	43.76	90.91	51.35	2394.0	2049920.0	80744.0	61.165	16.0	0	Linux	3.13.0-48-generic	x86_64	0.0	0.0	0.0	1185920.0	114904.0	2095100.0	2095100.0	294	71	57.22	56.45	45.89	
1432397190	0.0	89.7	10.3	1427368584	2	1.0	0.82	1427974940	71.1	93.1	36.771	2394.0	4047916.0	151928.0	59.051	37.7	0	Linux	3.13.0-48-generic	x86_64	0.0	0.0	0.0	2030764.0	54684.0	4192252.0	4047648.0	393	18	13.25	14.42	13.74	
1432397127	15.1	63.6	18.4	1427368452	2	4147.43	38193.4	1427974986	5.6610168E7	348509.22	55.747	3391.0	3612028.0	255164.0	74.919	25.6	0	Linux	3.13.0-48-generic	x86	2.9	0.0	0.0	1394540.0	323560.0	3657724.0	3657064.0	858	3	66.58	59.75	49.36	
1432397155	0.9	89.8	9.3	1427367964	2	1.1	0.55	1427974984	43.76	90.91	51.35	2394.0	2049920.0	80744.0	61.165	16.0	0	Linux	3.13.0-48-generic	x86_64	0.0	0.0	0.0	1185920.0	114904.0	2095100.0	2095100.0	294	71	61.59	57.57	46.71	
1432397190	0.0	88.2	11.8	1427368584	2	1.0	0.82	1427974977	71.1	93.1	36.771	2394.0	4047916.0	157932.0	59.051	37.7	0	Linux	3.13.0-48-generic	x86_64	0.0	0.0	0.0	2047152.0	34772.0	4192252.0	4046864.0	393	18	13.25	14.42	13.74	
1432397127	12.4	69.0	15.8	1427368452	2	4176.28	38122.4	1427975026	5.6500956E7	350364.22	55.747	3391.0	3612028.0	247440.0	74.919	25.6	0	Linux	3.13.0-48-generic	x86	2.8	0.0	0.0	1398188.0	323564.0	3657724.0	3657064.0	858	3	67.54	60.94	50.2	
1432397155	0.9	89.8	9.3	1427367964	2	1.1	0.55	1427975014	43.76	90.91	51.35	2394.0	2049920.0	80744.0	61.165	16.0	0	Linux	3.13.0-48-generic	x86_64	0.0	0.0	0.0	1185920.0	114904.0	2095100.0	2095100.0	294	48	64.61	58.81	47.58	
1432397190	0.0	87.8	12.2	1427368584	2	1.0	0.82	1427975027	71.1	93.1	36.771	2394.0	4047916.0	148292.0	59.051	37.7	0	Linux	3.13.0-48-generic	x86_64	0.0	0.0	0.0	2059176.0	34520.0	4192252.0	4046208.0	393	21	14.74	14.52	13.82	
1432397127	15.3	66.3	15.0	1427368452	2	4034.4	39141.68	1427975066	5.8084296E7	339266.0	55.747	3391.0	3612028.0	247496.0	74.919	25.6	0	Linux	3.13.0-48-generic	x86	3.4	0.0	0.0	1401760.0	323564.0	3657724.0	3657064.0	860	0	60.66	59.81	50.06	
1432397155	0.9	89.8	9.3	1427367964	2	1.1	0.55	1427975054	43.76	90.91	51.35	2394.0	2049920.0	77596.0	61.165	16.0	0	Linux	3.13.0-48-generic	x86_64	0.0	0.0	0.0	1185920.0	114976.0	2095100.0	2095100.0	294	48	62.64	59.11	48.16	
1432397190	0.0	87.8	12.2	1427368584	2	1.0	0.82	1427975057	71.1	93.1	36.771	2394.0	4047916.0	143308.0	59.051	37.7	0	Linux	3.13.0-48-generic	x86_64	0.0	0.0	0.0	2063292.0	33632.0	4192252.0	4045708.0	393	21	14.74	14.52	13.82	
1432397127	14.6	65.4	17.4	1427368452	2	4393.61	38962.03	1427975106	5.7750904E7	366181.34	55.732	3391.0	3612028.0	233564.0	74.919	25.6	0	Linux	3.13.0-48-generic	x86	2.6	0.0	0.0	1405464.0	323568.0	3657724.0	3657064.0	860	0	69.56	62.24	51.49	
1432397155	1.0	89.9	9.1	1427367964	2	1.1	0.55	1427975094	43.76	90.91	51.35	2394.0	2049920.0	80360.0	61.165	16.0	0	Linux	3.13.0-48-generic	x86_64	0.0	0.0	0.0	1181824.0	114992.0	2095100.0	2095100.0	293	42	57.33	58.03	48.03	
1432397190	0.0	88.3	11.7	1427368584	2	1.0	0.82	1427975107	71.1	93.1	36.771	2394.0	4047916.0	151032.0	59.051	37.7	0	Linux	3.13.0-48-generic	x86_64	0.0	0.0	0.0	2055872.0	33624.0	4192252.0	4044200.0	394	23	14.74	14.52	13.82	
1432397127	13.2	67.4	17.2	1427368452	2	4284.97	37384.94	1427975146	5.5348176E7	358615.25	55.732	3391.0	3612028.0	226236.0	74.919	25.6	0	Linux	3.13.0-48-generic	x86	2.2	0.0	0.0	1409160.0	323572.0	3657724.0	3657064.0	869	55	56.77	59.86	50.94	
1432397155	1.0	89.9	9.1	1427367964	2	1.1	0.55	1427975134	43.76	90.91	51.35	2394.0	2049920.0	78204.0	61.165	16.0	0	Linux	3.13.0-48-generic	x86_64	0.0	0.0	0.0	1181824.0	115004.0	2095100.0	2095100.0	293	42	59.03	58.26	48.52	
1432397190	0.0	90.9	9.1	1427368584	2	1.0	0.82	1427975137	71.1	93.1	36.65	2394.0	4047916.0	151888.0	59.051	37.9	0	Linux	3.13.0-48-generic	x86_64	0.0	0.0	0.0	2054340.0	32700.0	4192252.0	4042988.0	394	23	16.05	14.97	14.04	
1432397127	10.8	70.5	15.9	1427368452	2	4053.78	37092.32	1427975186	5.4928484E7	341346.69	55.732	3391.0	3612028.0	232864.0	74.919	25.6	0	Linux	3.13.0-48-generic	x86	2.7	0.0	0.0	1412760.0	323580.0	3657724.0	3657064.0	869	55	50.22	57.42	50.66	
1432397155	0.9	89.7	9.4	1427367964	2	1.1	0.55	1427975174	43.76	90.91	51.35	2394.0	2049920.0	83972.0	61.165	16.0	0	Linux	3.13.0-48-generic	x86_64	0.0	0.0	0.0	1173632.0	115020.0	2095100.0	2095100.0	293	24	62.32	59.09	49.2	
1432397190	0.0	90.9	9.1	1427368584	2	1.0	0.82	1427975177	71.1	93.1	36.65	2394.0	4047916.0	149108.0	59.051	37.9	0	Linux	3.13.0-48-generic	x86_64	0.0	0.0	0.0	2064120.0	27628.0	4192252.0	4041880.0	395	17	16.05	14.97	14.04	
1432397127	15.4	65.9	17.4	1427368452	2	4134.77	38692.82	1427975226	5.7353036E7	346704.47	55.732	3391.0	3612028.0	215276.0	74.919	25.6	0	Linux	3.13.0-48-generic	x86	1.4	0.0	0.0	1416368.0	323584.0	3657724.0	3657064.0	873	45	51.43	57.02	50.82	
1432397155	0.9	89.7	9.4	1427367964	2	0.88	0.58	1427975214	46.3	79.85	51.35	2394.0	2049920.0	83972.0	61.165	16.0	0	Linux	3.13.0-48-generic	x86_64	0.0	0.0	0.0	1173632.0	115020.0	2095100.0	2095100.0	293	24	60.64	59.32	49.91	
1432397190	0.0	90.8	9.2	1427368584	2	1.75	0.4	1427975227	32.44	153.33	36.65	2394.0	4047916.0	144440.0	59.051	37.9	0	Linux	3.13.0-48-generic	x86_64	0.0	0.0	0.0	2073924.0	24552.0	4192252.0	4040472.0	395	17	16.09	15.3	14.27	
1432397127	15.1	67.9	14.9	1427368452	2	3917.36	38657.27	1427975270	5.733784E7	330334.34	55.714	3391.0	3612028.0	220952.0	74.919	25.6	0	Linux	3.13.0-48-generic	x86	2.1	0.0	0.0	1419908.0	323588.0	3657724.0	3657064.0	873	45	59.74	58.4	51.54	
1432397155	0.9	89.6	9.6	1427367964	2	0.88	0.58	1427975254	46.3	79.85	51.35	2394.0	2049920.0	81908.0	61.165	16.0	0	Linux	3.13.0-48-generic	x86_64	0.0	0.0	0.0	1173632.0	115044.0	2095100.0	2095100.0	293	43	63.33	60.11	50.57	
1432397190	0.0	90.8	9.2	1427368584	2	1.75	0.4	1427975257	32.44	153.33	36.65	2394.0	4047916.0	147748.0	59.051	37.9	0	Linux	3.13.0-48-generic	x86_64	0.0	0.0	0.0	2073528.0	24572.0	4192252.0	4038864.0	395	16	16.09	15.3	14.27	
1432397127	17.6	65.3	16.0	1427368452	2	4059.88	37941.94	1427975306	5.6234256E7	341450.97	55.714	3391.0	3612028.0	208432.0	74.919	25.6	0	Linux	3.13.0-48-generic	x86	1.2	0.0	0.0	1423516.0	323588.0	3657724.0	3657064.0	872	108	46.63	55.17	50.74	
1432397155	0.9	89.6	9.6	1427367964	2	0.88	0.58	1427975294	46.3	79.85	51.35	2394.0	2049920.0	81908.0	61.165	16.0	0	Linux	3.13.0-48-generic	x86_64	0.0	0.0	0.0	1173632.0	115044.0	2095100.0	2095100.0	293	43	60.56	59.82	50.88	
1432397190	0.0	90.8	9.2	1427368584	2	1.75	0.4	1427975307	32.44	153.33	36.548	2394.0	4047916.0	151732.0	59.051	38.1	0	Linux	3.13.0-48-generic	x86_64	0.0	0.0	0.0	2073500.0	24268.0	4192252.0	4037212.0	395	16	16.71	15.61	14.46	
1432397127	17.1	63.9	17.6	1427368452	2	3976.13	35597.21	1427975346	5.2658552E7	335661.75	55.714	3391.0	3612028.0	204140.0	74.919	25.6	0	Linux	3.13.0-48-generic	x86	1.4	0.0	0.0	1427164.0	323592.0	3657724.0	3657064.0	872	108	51.77	55.45	51.02	
1432397155	0.9	88.7	10.4	1427367964	2	0.88	0.58	1427975344	46.3	79.85	51.35	2394.0	2049920.0	81908.0	61.165	16.0	0	Linux	3.13.0-48-generic	x86_64	0.0	0.0	0.0	1173632.0	115044.0	2095100.0	2095100.0	293	37	64.07	60.8	51.58	
1432397190	0.0	91.6	8.4	1427368584	2	1.75	0.4	1427975337	32.44	153.33	36.548	2394.0	4047916.0	148884.0	59.051	38.1	0	Linux	3.13.0-48-generic	x86_64	0.0	0.0	0.0	2078720.0	24312.0	4192252.0	4036388.0	395	14	16.71	15.61	14.46	
1432397127	13.6	68.3	15.4	1427368452	2	3728.9	35814.5	1427975386	5.3079504E7	313973.03	55.714	3391.0	3612028.0	201240.0	74.919	25.6	0	Linux	3.13.0-48-generic	x86	2.7	0.0	0.0	1430468.0	323604.0	3657724.0	3657064.0	887	44	49.9	54.93	51.06	
1432397155	0.9	88.7	10.4	1427367964	2	0.88	0.58	1427975374	46.3	79.85	51.35	2394.0	2049920.0	96804.0	61.165	16.0	0	Linux	3.13.0-48-generic	x86_64	0.0	0.0	0.0	1158764.0	113568.0	2095100.0	2095100.0	293	37	58.79	59.95	51.69	
1432397190	0.3	91.1	8.6	1427368584	2	1.75	0.4	1427975377	32.44	153.33	36.548	2394.0	4047916.0	145856.0	59.051	38.1	0	Linux	3.13.0-48-generic	x86_64	0.0	0.0	0.0	2088056.0	19444.0	4192252.0	4031684.0	395	14	16.71	15.61	14.46	
1432397127	22.1	60.8	14.4	1427368452	2	3953.05	38148.07	1427975426	5.6576992E7	330780.84	55.714	3391.0	3612028.0	203980.0	74.919	25.6	0	Linux	3.13.0-48-generic	x86	2.7	0.0	0.0	1433884.0	323616.0	3657724.0	3657064.0	887	44	40.89	52.15	50.3	
1432397155	0.9	88.7	10.4	1427367964	2	0.88	0.58	1427975414	46.3	79.85	51.35	2394.0	2049920.0	96804.0	61.165	16.0	0	Linux	3.13.0-48-generic	x86_64	0.0	0.0	0.0	1158764.0	113568.0	2095100.0	2095100.0	293	71	58.76	59.93	52.04	
1432397190	0.3	91.1	8.6	1427368584	2	1.75	0.4	1427975417	32.44	153.33	36.548	2394.0	4047916.0	171744.0	59.051	38.1	0	Linux	3.13.0-48-generic	x86_64	0.0	0.0	0.0	2078948.0	12448.0	4192252.0	4030908.0	394	22	14.33	15.15	14.4	
1432397127	22.8	61.0	15.2	1427368452	2	3771.87	34747.9	1427975467	5.1485392E7	315248.5	55.7	3391.0	3612028.0	191884.0	74.919	25.7	0	Linux	3.13.0-48-generic	x86	1.0	0.0	0.0	1437096.0	323620.0	3657724.0	3657064.0	864	0	38.53	50.19	49.72	
1432397155	0.9	88.8	10.3	1427367964	2	0.88	0.58	1427975454	46.3	79.85	51.35	2394.0	2049920.0	101132.0	61.165	16.0	0	Linux	3.13.0-48-generic	x86_64	0.0	0.0	0.0	1155260.0	113004.0	2095100.0	2095100.0	293	71	58.25	59.68	52.29	
1432397190	0.0	90.6	9.4	1427368584	2	1.75	0.4	1427975457	32.44	153.33	36.548	2394.0	4047916.0	143744.0	59.051	38.1	0	Linux	3.13.0-48-generic	x86_64	0.0	0.0	0.0	2103132.0	12412.0	4192252.0	4030908.0	394	22	14.33	15.15	14.4	
1432397127	16.1	66.7	14.4	1427368452	2	3683.81	36117.34	1427975506	5.3572932E7	308284.06	55.7	3391.0	3612028.0	203700.0	74.919	25.7	0	Linux	3.13.0-48-generic	x86	2.7	0.0	0.0	1440240.0	323624.0	3657724.0	3657064.0	864	0	49.11	51.0	49.98	
1432397155	0.9	88.8	10.3	1427367964	2	1.92	0.75	1427975494	62.02	137.2	51.35	2394.0	2049920.0	99836.0	61.165	16.0	0	Linux	3.13.0-48-generic	x86_64	0.0	0.0	0.0	1155260.0	113012.0	2095100.0	2095100.0	293	34	58.25	59.68	52.29	
1432397190	0.0	90.6	9.4	1427368584	2	1.75	0.4	1427975497	32.44	153.33	36.422	2394.0	4047916.0	151784.0	59.051	38.3	0	Linux	3.13.0-48-generic	x86_64	0.0	0.0	0.0	2102320.0	8096.0	4192252.0	4028276.0	394	13	14.77	15.0	14.41	
1432397127	11.4	70.3	16.7	1427368452	2	4451.2	42367.55	1427975546	6.2835204E7	374367.19	55.7	3391.0	3612028.0	274652.0	74.919	25.7	0	Linux	3.13.0-48-generic	x86	1.6	0.0	0.0	1377912.0	298080.0	3657724.0	3657064.0	882	76	65.19	54.78	51.29	
1432397155	0.9	89.5	9.6	1427367964	2	1.92	0.75	1427975534	62.02	137.2	51.35	2394.0	2049920.0	101824.0	61.165	16.0	0	Linux	3.13.0-48-generic	x86_64	0.0	0.0	0.0	1151164.0	113028.0	2095100.0	2095100.0	293	34	57.34	58.88	52.61	
1432397190	0.1	90.8	9.1	1427368584	2	1.95	0.58	1427975537	48.2	148.1	36.422	2394.0	4047916.0	155920.0	59.051	38.3	0	Linux	3.13.0-48-generic	x86_64	0.0	0.0	0.0	2100584.0	8152.0	4192252.0	4027376.0	394	13	14.77	15.0	14.41	
1432397127	13.8	67.5	17.5	1427368452	2	4542.1	41986.89	1427975586	6.2226904E7	381477.88	55.7	3391.0	3612028.0	271400.0	74.919	25.7	0	Linux	3.13.0-48-generic	x86	1.2	0.0	0.0	1382084.0	298088.0	3657724.0	3657064.0	882	76	76.8	58.99	52.85	
1432397155	0.9	89.5	9.6	1427367964	2	1.92	0.75	1427975576	62.02	137.2	51.35	2394.0	2049920.0	99188.0	61.165	16.0	0	Linux	3.13.0-48-generic	x86_64	0.0	0.0	0.0	1151164.0	113044.0	2095100.0	2095100.0	293	47	63.03	60.16	53.31	
1432397190	0.1	90.8	9.1	1427368584	2	1.95	0.58	1427975577	48.2	148.1	36.422	2394.0	4047916.0	161132.0	59.051	38.3	0	Linux	3.13.0-48-generic	x86_64	0.0	0.0	0.0	2101580.0	8180.0	4192252.0	4023972.0	394	9	14.42	14.81	14.4	
1432397127	7.6	74.8	16.4	1427368452	2	4440.63	41424.81	1427975630	6.139512E7	372825.34	55.682	3391.0	3612028.0	261272.0	74.919	25.7	0	Linux	3.13.0-48-generic	x86	1.2	0.0	0.0	1385872.0	298112.0	3657724.0	3657064.0	892	93	80.59	61.97	54.08	
1432397155	0.9	90.0	9.1	1427367964	2	1.92	0.75	1427975614	62.02	137.2	51.35	2394.0	2049920.0	99188.0	61.165	16.0	0	Linux	3.13.0-48-generic	x86_64	0.0	0.0	0.0	1151164.0	113044.0	2095100.0	2095100.0	293	47	62.08	60.41	53.69	
1432397190	0.1	90.8	9.1	1427368584	2	1.95	0.58	1427975627	48.2	148.1	36.422	2394.0	4047916.0	152508.0	59.051	38.3	0	Linux	3.13.0-48-generic	x86_64	0.0	0.0	0.0	2111180.0	8240.0	4192252.0	4023740.0	394	9	14.42	14.81	14.4	
1432397127	12.9	70.8	15.6	1427368452	2	4449.68	40841.13	1427975666	6.0521984E7	372631.53	55.682	3391.0	3612028.0	269144.0	74.919	25.7	0	Linux	3.13.0-48-generic	x86	0.8	0.0	0.0	1389760.0	298132.0	3657724.0	3657064.0	892	93	77.86	64.39	55.3	
1432397155	0.9	90.0	9.1	1427367964	2	1.92	0.75	1427975654	62.02	137.2	51.35	2394.0	2049920.0	99188.0	61.165	16.0	0	Linux	3.13.0-48-generic	x86_64	0.0	0.0	0.0	1151164.0	113044.0	2095100.0	2095100.0	293	70	57.34	59.5	53.67	
1432397190	0.1	90.8	9.1	1427368584	2	1.95	0.58	1427975660	48.2	148.1	36.319	2394.0	4047916.0	148884.0	59.051	38.5	0	Linux	3.13.0-48-generic	x86_64	0.0	0.0	0.0	2115760.0	8228.0	4192252.0	4017256.0	395	10	14.43	14.59	14.35	
1432397127	10.3	70.9	17.8	1427368452	2	4475.57	39818.67	1427975706	5.8987956E7	373656.13	55.682	3391.0	3612028.0	250384.0	74.919	25.7	0	Linux	3.13.0-48-generic	x86	1.0	0.0	0.0	1393596.0	298152.0	3657724.0	3657064.0	891	60	67.42	63.45	55.33	
1432397155	1.0	89.7	9.2	1427367964	2	1.92	0.75	1427975710	62.02	137.2	51.35	2394.0	2049920.0	99188.0	61.165	16.0	0	Linux	3.13.0-48-generic	x86_64	0.0	0.0	0.0	1151164.0	113044.0	2095100.0	2095100.0	293	70	57.93	59.38	53.88	
1432397190	0.1	90.8	9.1	1427368584	2	1.95	0.58	1427975697	48.2	148.1	36.319	2394.0	4047916.0	156644.0	59.051	38.5	0	Linux	3.13.0-48-generic	x86_64	0.0	0.0	0.0	2110672.0	8260.0	4192252.0	4016580.0	395	10	16.31	15.02	14.51	
1432397127	13.7	69.7	16.3	1427368452	2	4627.77	42427.09	1427975746	6.2903436E7	386581.63	55.682	3391.0	3612028.0	249088.0	74.919	25.7	0	Linux	3.13.0-48-generic	x86	0.3	0.0	0.0	1397612.0	298156.0	3657724.0	3657064.0	891	60	57.22	61.72	55.15	
1432397155	0.9	91.1	8.0	1427367964	2	1.92	0.75	1427975734	62.02	137.2	51.35	2394.0	2049920.0	97768.0	61.165	16.0	0	Linux	3.13.0-48-generic	x86_64	0.0	0.0	0.0	1151164.0	113108.0	2095100.0	2095100.0	293	70	58.03	59.35	54.1	
1432397190	0.0	90.5	9.5	1427368584	2	1.95	0.58	1427975737	48.2	148.1	36.319	2394.0	4047916.0	162032.0	59.051	38.5	0	Linux	3.13.0-48-generic	x86_64	0.0	0.0	0.0	2105712.0	8264.0	4192252.0	4015892.0	395	14	14.09	14.59	14.37	
1432397127	11.8	70.9	15.9	1427368452	2	4261.95	42086.75	1427975786	6.245332E7	357613.84	55.682	3391.0	3612028.0	243516.0	74.919	25.7	0	Linux	3.13.0-48-generic	x86	1.3	0.0	0.0	1401356.0	298168.0	3657724.0	3657064.0	892	92	55.83	61.17	55.23	
1432397155	0.9	91.1	8.0	1427367964	2	1.47	0.65	1427975791	54.25	131.82	51.35	2394.0	2049920.0	97768.0	61.165	16.0	0	Linux	3.13.0-48-generic	x86_64	0.0	0.0	0.0	1151164.0	113108.0	2095100.0	2095100.0	293	70	55.46	58.53	54.05	
1432397190	0.0	90.5	9.5	1427368584	2	1.95	0.58	1427975777	48.2	148.1	36.319	2394.0	4047916.0	147460.0	59.051	38.5	0	Linux	3.13.0-48-generic	x86_64	0.0	0.0	0.0	2123280.0	8316.0	4192252.0	4015980.0	395	14	13.04	14.24	14.27	
1432397127	13.0	69.5	16.4	1427368452	2	4065.62	37039.76	1427975826	5.4847076E7	341756.63	55.666	3391.0	3612028.0	244840.0	74.919	25.7	0	Linux	3.13.0-48-generic	x86	1.1	0.0	0.0	1404980.0	298184.0	3657724.0	3657064.0	892	92	65.63	63.2	56.07	
1432397155	0.9	90.0	9.1	1427367964	2	1.47	0.65	1427975824	54.25	131.82	51.35	2394.0	2049920.0	96140.0	61.165	16.0	0	Linux	3.13.0-48-generic	x86_64	0.0	0.0	0.0	1151164.0	113136.0	2095100.0	2095100.0	293	58	59.35	59.12	54.43	
1432397190	0.0	90.7	9.3	1427368584	2	1.57	0.62	1427975817	50.05	121.4	36.319	2394.0	4047916.0	124884.0	59.051	38.5	0	Linux	3.13.0-48-generic	x86_64	0.0	0.0	0.0	2142756.0	8372.0	4192252.0	4016036.0	395	13	14.19	14.42	14.33	
1432397127	15.1	67.6	15.9	1427368452	2	4047.18	37926.27	1427975866	5.617264E7	338972.28	55.666	3391.0	3612028.0	230200.0	74.919	25.7	0	Linux	3.13.0-48-generic	x86	1.4	0.0	0.0	1408496.0	298188.0	3657724.0	3657064.0	876	109	52.49	60.48	55.58	
1432397155	0.9	90.0	9.1	1427367964	2	1.47	0.65	1427975854	54.25	131.82	51.35	2394.0	2049920.0	95048.0	61.165	16.0	0	Linux	3.13.0-48-generic	x86_64	0.0	0.0	0.0	1151164.0	113144.0	2095100.0	2095100.0	293	58	50.22	56.81	53.86	
1432397190	0.0	90.7	9.3	1427368584	2	1.57	0.62	1427975857	50.05	121.4	36.192	2394.0	4047916.0	165908.0	59.051	38.7	0	Linux	3.13.0-48-generic	x86_64	0.0	0.0	0.0	2109940.0	6296.0	4192252.0	4012816.0	395	13	15.74	14.78	14.45	
1432397127	7.4	75.7	15.5	1427368452	2	4024.75	37051.46	1427975906	5.486778E7	336449.19	55.666	3391.0	3612028.0	233248.0	74.919	25.7	0	Linux	3.13.0-48-generic	x86	1.4	0.0	0.0	1411936.0	298204.0	3657724.0	3657064.0	876	109	59.63	61.4	56.01	
1432397155	0.9	90.0	9.1	1427367964	2	1.47	0.65	1427975894	54.25	131.82	51.35	2394.0	2049920.0	99152.0	61.165	16.0	0	Linux	3.13.0-48-generic	x86_64	0.0	0.0	0.0	1147068.0	113160.0	2095100.0	2095100.0	293	17	50.22	56.81	53.86	
1432397190	0.1	90.6	9.4	1427368584	2	1.57	0.62	1427975897	50.05	121.4	36.192	2394.0	4047916.0	146348.0	59.051	38.7	0	Linux	3.13.0-48-generic	x86_64	0.0	0.0	0.0	2129416.0	6320.0	4192252.0	4012752.0	394	7	15.74	14.78	14.45	
1432397127	16.7	65.6	16.0	1427368452	2	3822.17	37737.5	1427975946	5.5952668E7	320050.66	55.666	3391.0	3612028.0	234552.0	74.919	25.7	0	Linux	3.13.0-48-generic	x86	1.8	0.0	0.0	1415268.0	298220.0	3657724.0	3657064.0	889	39	51.63	59.43	55.68	
1432397155	0.9	90.1	9.0	1427367964	2	1.47	0.65	1427975951	54.25	131.82	51.35	2394.0	2049920.0	99152.0	61.165	16.0	0	Linux	3.13.0-48-generic	x86_64	0.0	0.0	0.0	1147068.0	113160.0	2095100.0	2095100.0	294	65	49.58	55.44	53.64	
1432397190	0.1	90.6	9.4	1427368584	2	1.57	0.62	1427975938	50.05	121.4	36.192	2394.0	4047916.0	150304.0	59.051	38.7	0	Linux	3.13.0-48-generic	x86_64	0.0	0.0	0.0	2128844.0	6292.0	4192252.0	4010044.0	394	7	15.98	15.21	14.65	
1432397127	7.8	74.8	16.4	1427368452	2	4141.14	37040.61	1427975990	5.4806336E7	346369.5	55.648	3391.0	3612028.0	223800.0	74.919	25.7	0	Linux	3.13.0-48-generic	x86	1.0	0.0	0.0	1418832.0	298240.0	3657724.0	3657064.0	889	39	53.35	59.01	55.73	
1432397155	0.9	90.1	9.0	1427367964	2	1.47	0.65	1427975974	54.25	131.82	51.35	2394.0	2049920.0	99152.0	61.165	16.0	0	Linux	3.13.0-48-generic	x86_64	0.0	0.0	0.0	1147068.0	113160.0	2095100.0	2095100.0	294	65	54.9	56.01	53.91	
1432397190	0.0	91.3	8.7	1427368584	2	1.57	0.62	1427975987	50.05	121.4	36.192	2394.0	4047916.0	150196.0	59.051	38.7	0	Linux	3.13.0-48-generic	x86_64	0.0	0.0	0.0	2130872.0	6236.0	4192252.0	4007560.0	394	12	16.91	15.5	14.76	
1432397127	7.5	75.9	15.5	1427368452	2	3843.18	34994.4	1427976026	5.177824E7	319693.38	55.648	3391.0	3612028.0	233892.0	74.919	25.7	0	Linux	3.13.0-48-generic	x86	1.1	0.0	0.0	1417828.0	298324.0	3657724.0	3657064.0	860	24	59.29	60.4	56.34	
1432397155	0.9	90.4	8.7	1427367964	2	1.47	0.65	1427976031	54.25	131.82	51.35	2394.0	2049920.0	99152.0	61.165	16.0	0	Linux	3.13.0-48-generic	x86_64	0.0	0.0	0.0	1147068.0	113160.0	2095100.0	2095100.0	294	36	54.57	55.81	53.92	
1432397190	0.0	91.3	8.7	1427368584	2	1.57	0.62	1427976020	50.05	121.4	36.09	2394.0	4047916.0	145212.0	59.051	38.9	0	Linux	3.13.0-48-generic	x86_64	0.0	0.0	0.0	2138336.0	6180.0	4192252.0	4003104.0	394	12	15.86	15.35	14.73	
1432397127	6.4	76.7	15.4	1427368452	2	4000.74	37812.95	1427976067	5.603522E7	334007.72	55.648	3391.0	3612028.0	222892.0	74.919	25.7	0	Linux	3.13.0-48-generic	x86	1.6	0.0	0.0	1421184.0	298340.0	3657724.0	3657064.0	860	24	74.44	64.14	57.79	
1432397155	0.9	90.4	8.7	1427367964	2	1.47	0.65	1427976071	54.25	131.82	51.35	2394.0	2049920.0	97568.0	61.165	16.0	0	Linux	3.13.0-48-generic	x86_64	0.0	0.0	0.0	1147068.0	113216.0	2095100.0	2095100.0	294	36	56.19	56.1	54.11	
1432397190	0.0	91.3	8.7	1427368584	2	1.57	0.62	1427976063	50.05	121.4	36.09	2394.0	4047916.0	146416.0	59.051	38.9	0	Linux	3.13.0-48-generic	x86_64	0.0	0.0	0.0	2140676.0	6192.0	4192252.0	4002820.0	394	17	15.86	15.35	14.73	
1432397127	7.3	75.8	15.5	1427368452	2	3956.82	36834.9	1427976106	5.4541536E7	329590.19	55.648	3391.0	3612028.0	207456.0	74.919	25.7	0	Linux	3.13.0-48-generic	x86	1.4	0.0	0.0	1424508.0	298352.0	3657724.0	3657064.0	894	33	48.2	58.76	56.23	
1432397155	0.9	90.2	8.9	1427367964	2	1.05	0.58	1427976111	46.63	81.45	51.35	2394.0	2049920.0	97568.0	61.165	16.0	0	Linux	3.13.0-48-generic	x86_64	0.0	0.0	0.0	1147068.0	113216.0	2095100.0	2095100.0	294	70	52.29	55.19	53.89	
1432397190	0.0	90.8	9.2	1427368584	2	1.57	0.62	1427976098	50.05	121.4	36.09	2394.0	4047916.0	152196.0	59.051	38.9	0	Linux	3.13.0-48-generic	x86_64	0.0	0.0	0.0	2137588.0	6156.0	4192252.0	4002192.0	394	17	15.33	15.23	14.73	
1432397127	16.1	68.1	14.4	1427368452	2	3868.97	36240.7	1427976146	5.3667392E7	323577.59	55.648	3391.0	3612028.0	206112.0	74.919	25.7	0	Linux	3.13.0-48-generic	x86	1.4	0.0	0.0	1427880.0	298364.0	3657724.0	3657064.0	894	33	45.93	56.73	55.67	
1432397155	0.9	90.2	8.9	1427367964	2	1.05	0.58	1427976135	46.63	81.45	51.35	2394.0	2049920.0	97568.0	61.165	16.0	0	Linux	3.13.0-48-generic	x86_64	0.0	0.0	0.0	1147068.0	113216.0	2095100.0	2095100.0	294	70	48.08	54.09	53.55	
1432397190	0.0	90.8	9.2	1427368584	2	1.07	0.55	1427976138	47.6	91.09	36.09	2394.0	4047916.0	152956.0	59.051	38.9	0	Linux	3.13.0-48-generic	x86_64	0.0	0.0	0.0	2142072.0	6168.0	4192252.0	4000856.0	394	21	12.16	14.52	14.53	
1432397127	17.5	66.7	14.1	1427368452	2	3753.68	35344.28	1427976186	5.2365864E7	312774.13	55.635	3391.0	3612028.0	212316.0	74.919	25.7	0	Linux	3.13.0-48-generic	x86	1.7	0.0	0.0	1431016.0	298388.0	3657724.0	3657064.0	891	42	39.89	54.22	54.88	
1432397155	0.9	90.7	8.4	1427367964	2	1.05	0.58	1427976184	46.63	81.45	51.35	2394.0	2049920.0	97568.0	61.165	16.0	0	Linux	3.13.0-48-generic	x86_64	0.0	0.0	0.0	1147068.0	113216.0	2095100.0	2095100.0	294	70	55.63	54.84	53.82	
1432397190	0.0	90.9	9.1	1427368584	2	1.07	0.55	1427976178	47.6	91.09	36.09	2394.0	4047916.0	149092.0	59.051	38.9	0	Linux	3.13.0-48-generic	x86_64	0.0	0.0	0.0	2144400.0	6184.0	4192252.0	4000128.0	394	21	14.69	14.84	14.64	
1432397127	13.5	69.8	15.9	1427368452	2	3792.62	37818.96	1427976226	5.608014E7	317047.94	55.635	3391.0	3612028.0	212548.0	74.919	25.7	0	Linux	3.13.0-48-generic	x86	0.8	0.0	0.0	1434248.0	298396.0	3657724.0	3657064.0	891	42	49.45	54.73	55.02	
1432397155	0.9	90.7	8.4	1427367964	2	1.05	0.58	1427976215	46.63	81.45	51.35	2394.0	2049920.0	97568.0	61.165	16.0	0	Linux	3.13.0-48-generic	x86_64	0.0	0.0	0.0	1147068.0	113216.0	2095100.0	2095100.0	294	70	58.66	55.79	54.19	
1432397190	0.0	90.9	9.1	1427368584	2	1.07	0.55	1427976218	47.6	91.09	35.963	2394.0	4047916.0	165432.0	59.051	39.1	0	Linux	3.13.0-48-generic	x86_64	0.0	0.0	0.0	2135308.0	6164.0	4192252.0	3996628.0	394	11	13.68	14.58	14.55	
1432397127	13.2	71.7	14.6	1427368452	2	3794.98	35733.32	1427976266	5.2918388E7	315957.34	55.635	3391.0	3612028.0	212852.0	74.919	25.7	0	Linux	3.13.0-48-generic	x86	0.5	0.0	0.0	1437428.0	298404.0	3657724.0	3657064.0	865	1	52.18	55.08	55.14	
1432397155	0.9	90.7	8.4	1427367964	2	1.05	0.58	1427976271	46.63	81.45	51.35	2394.0	2049920.0	95032.0	61.165	16.0	0	Linux	3.13.0-48-generic	x86_64	0.0	0.0	0.0	1147068.0	113288.0	2095100.0	2095100.0	294	71	55.97	55.59	54.2	
1432397190	0.2	91.0	8.7	1427368584	2	1.07	0.55	1427976258	47.6	91.09	35.963	2394.0	4047916.0	167676.0	59.051	39.1	0	Linux	3.13.0-48-generic	x86_64	0.0	0.0	0.0	2138096.0	6188.0	4192252.0	3996148.0	394	11	13.68	14.58	14.55	
1432397127	13.0	69.3	16.5	1427368452	2	3600.99	34568.1	1427976306	5.118782E7	301680.59	55.635	3391.0	3612028.0	199464.0	74.919	25.7	0	Linux	3.13.0-48-generic	x86	1.1	0.0	0.0	1440572.0	298408.0	3657724.0	3657064.0	865	1	58.62	56.32	55.55	
1432397155	0.9	90.1	9.0	1427367964	2	1.05	0.58	1427976311	46.63	81.45	51.35	2394.0	2049920.0	99088.0	61.165	16.0	0	Linux	3.13.0-48-generic	x86_64	0.0	0.0	0.0	1142972.0	113316.0	2095100.0	2095100.0	294	71	60.92	56.86	54.68	
1432397190	0.2	91.0	8.7	1427368584	2	1.07	0.55	1427976298	47.6	91.09	35.963	2394.0	4047916.0	136660.0	59.051	39.1	0	Linux	3.13.0-48-generic	x86_64	0.0	0.0	0.0	2163272.0	6252.0	4192252.0	3996244.0	394	17	15.74	14.95	14.69	
1432397127	16.2	67.5	13.5	1427368452	2	3626.15	35609.1	1427976350	5.2771548E7	303301.47	55.619	3391.0	3612028.0	199184.0	74.919	25.8	0	Linux	3.13.0-48-generic	x86	2.8	0.0	0.0	1443664.0	298416.0	3657724.0	3657064.0	866	101	62.96	58.39	56.32	
1432397155	0.9	90.1	9.0	1427367964	2	1.05	0.58	1427976335	46.63	81.45	51.35	2394.0	2049920.0	99088.0	61.165	16.0	0	Linux	3.13.0-48-generic	x86_64	0.0	0.0	0.0	1142972.0	113316.0	2095100.0	2095100.0	294	71	58.53	56.49	54.6	
1432397190	0.0	90.8	9.1	1427368584	2	1.07	0.55	1427976347	47.6	91.09	35.963	2394.0	4047916.0	155392.0	59.051	39.1	0	Linux	3.13.0-48-generic	x86_64	0.0	0.0	0.0	2148080.0	6220.0	4192252.0	3995188.0	394	17	14.88	14.91	14.69	
1432397127	19.8	63.8	15.1	1427368452	2	3923.65	35607.09	1427976386	5.269114E7	328231.16	55.619	3391.0	3612028.0	288688.0	74.919	25.8	0	Linux	3.13.0-48-generic	x86	1.3	0.0	0.0	1375080.0	280756.0	3657724.0	3656840.0	866	101	56.23	57.44	56.11	
1432397155	0.9	89.5	9.6	1427367964	2	4.88	0.57	1427976391	44.9	325.9	51.35	2394.0	2049920.0	97180.0	61.165	16.0	0	Linux	3.13.0-48-generic	x86_64	0.0	0.0	0.0	1142972.0	113340.0	2095100.0	2095100.0	294	71	60.91	57.25	54.92	
1432397190	0.0	90.8	9.1	1427368584	2	1.07	0.55	1427976380	47.6	91.09	35.863	2394.0	4047916.0	144240.0	59.051	39.3	0	Linux	3.13.0-48-generic	x86_64	0.0	0.0	0.0	2158772.0	6272.0	4192252.0	3994504.0	395	15	14.88	14.91	14.69	
1432397127	12.6	71.8	14.0	1427368452	2	3709.9	34955.6	1427976426	5.17346E7	311358.22	55.619	3391.0	3612028.0	265896.0	74.919	25.8	0	Linux	3.13.0-48-generic	x86	1.6	0.0	0.0	1378412.0	280764.0	3657724.0	3656840.0	892	31	45.1	54.75	55.27	
1432397155	0.9	89.5	9.6	1427367964	2	4.88	0.57	1427976431	44.9	325.9	51.35	2394.0	2049920.0	97180.0	61.165	16.0	0	Linux	3.13.0-48-generic	x86_64	0.0	0.0	0.0	1142972.0	113340.0	2095100.0	2095100.0	294	29	56.45	56.69	54.89	
1432397190	0.0	90.8	9.1	1427368584	2	1.02	0.37	1427976418	31.24	80.17	35.863	2394.0	4047916.0	158180.0	59.051	39.3	0	Linux	3.13.0-48-generic	x86_64	0.0	0.0	0.0	2144956.0	6148.0	4192252.0	3993492.0	395	15	15.04	14.87	14.69	
1432397127	17.3	68.1	12.8	1427368452	2	3417.44	32564.71	1427976466	4.8198704E7	285660.84	55.619	3391.0	3612028.0	283820.0	74.919	25.8	0	Linux	3.13.0-48-generic	x86	1.9	0.0	0.0	1381340.0	280780.0	3657724.0	3656840.0	892	31	40.91	52.77	54.59	
1432397155	0.9	90.6	8.5	1427367964	2	4.88	0.57	1427976455	44.9	325.9	51.35	2394.0	2049920.0	97180.0	61.165	16.0	0	Linux	3.13.0-48-generic	x86_64	0.0	0.0	0.0	1142972.0	113340.0	2095100.0	2095100.0	294	29	58.62	57.13	55.11	
1432397190	0.0	91.0	9.0	1427368584	2	1.02	0.37	1427976458	31.24	80.17	35.863	2394.0	4047916.0	165932.0	59.051	39.3	0	Linux	3.13.0-48-generic	x86_64	0.0	0.0	0.0	2143168.0	6112.0	4192252.0	3991992.0	395	2	16.33	15.18	14.8	
1432397127	14.4	69.5	15.0	1427368452	2	3667.13	34681.3	1427976506	5.1391E7	304640.91	55.619	3391.0	3612028.0	278512.0	74.919	25.8	0	Linux	3.13.0-48-generic	x86	1.1	0.0	0.0	1384356.0	280788.0	3657724.0	3656840.0	852	51	46.46	52.57	54.44	
1432397155	0.9	90.6	8.5	1427367964	2	4.88	0.57	1427976511	44.9	325.9	51.35	2394.0	2049920.0	97180.0	61.165	16.0	0	Linux	3.13.0-48-generic	x86_64	0.0	0.0	0.0	1142972.0	113340.0	2095100.0	2095100.0	294	70	56.98	56.97	55.14	
1432397190	0.0	90.6	9.4	1427368584	2	1.02	0.37	1427976498	31.24	80.17	35.863	2394.0	4047916.0	142128.0	59.051	39.3	0	Linux	3.13.0-48-generic	x86_64	0.0	0.0	0.0	2162792.0	6168.0	4192252.0	3991728.0	395	2	16.33	15.18	14.8	
1432397127	23.6	62.3	13.3	1427368452	2	3606.89	33726.43	1427976546	4.9939664E7	300567.69	55.606	3391.0	3612028.0	278608.0	74.919	25.8	0	Linux	3.13.0-48-generic	x86	0.8	0.0	0.0	1387376.0	280804.0	3657724.0	3656840.0	852	51	61.62	55.09	55.14	
1432397155	0.9	90.6	8.5	1427367964	2	4.88	0.57	1427976551	44.9	325.9	51.35	2394.0	2049920.0	93904.0	61.165	16.0	0	Linux	3.13.0-48-generic	x86_64	0.0	0.0	0.0	1142972.0	113420.0	2095100.0	2095100.0	294	70	62.27	58.29	55.66	
1432397190	0.0	90.6	9.4	1427368584	2	1.02	0.37	1427976538	31.24	80.17	35.863	2394.0	4047916.0	139780.0	59.051	39.3	0	Linux	3.13.0-48-generic	x86_64	0.0	0.0	0.0	2166368.0	6156.0	4192252.0	3991000.0	395	21	14.78	15.12	14.82	
1432397127	21.0	64.7	12.6	1427368452	2	3288.75	31299.08	1427976586	4.6382516E7	272353.66	55.606	3391.0	3612028.0	295084.0	74.919	25.8	0	Linux	3.13.0-48-generic	x86	1.7	0.0	0.0	1390080.0	280812.0	3657724.0	3656840.0	855	1	54.59	54.3	54.89	
1432397155	0.9	90.6	8.5	1427367964	2	4.88	0.57	1427976591	44.9	325.9	51.35	2394.0	2049920.0	90856.0	61.165	16.0	0	Linux	3.13.0-48-generic	x86_64	0.0	0.0	0.0	1142972.0	113436.0	2095100.0	2095100.0	294	70	60.3	58.38	55.81	
1432397190	0.0	91.2	8.7	1427368584	2	1.02	0.37	1427976588	31.24	80.17	35.735	2394.0	4047916.0	136668.0	59.051	39.5	0	Linux	3.13.0-48-generic	x86_64	0.1	0.0	0.0	2163156.0	6152.0	4192252.0	3990168.0	395	21	14.78	15.12	14.82	
1432397127	12.5	70.3	16.5	1427368452	2	3908.81	35358.42	1427976626	5.225284E7	330648.16	55.606	3391.0	3612028.0	270732.0	74.919	25.8	0	Linux	3.13.0-48-generic	x86	0.7	0.0	0.0	1393732.0	280844.0	3657724.0	3656840.0	855	1	45.92	52.49	54.29	
1432397155	0.9	90.6	8.5	1427367964	2	4.88	0.57	1427976615	44.9	325.9	51.35	2394.0	2049920.0	90856.0	61.165	16.0	0	Linux	3.13.0-48-generic	x86_64	0.0	0.0	0.0	1142972.0	113436.0	2095100.0	2095100.0	294	70	62.45	58.95	56.03	
1432397190	0.0	91.2	8.7	1427368584	2	1.02	0.37	1427976618	31.24	80.17	35.735	2394.0	4047916.0	150076.0	59.051	39.5	0	Linux	3.13.0-48-generic	x86_64	0.1	0.0	0.0	2151268.0	6100.0	4192252.0	3988500.0	394	12	14.62	14.95	14.79	
1432397127	12.8	71.3	15.4	1427368452	2	4032.9	36365.05	1427976667	5.3770948E7	339971.5	55.606	3391.0	3612028.0	264300.0	74.919	25.8	0	Linux	3.13.0-48-generic	x86	0.4	0.0	0.0	1397372.0	280852.0	3657724.0	3656840.0	885	40	38.33	49.64	53.23	
1432397155	0.9	90.0	9.1	1427367964	2	4.88	0.57	1427976671	44.9	325.9	51.35	2394.0	2049920.0	90856.0	61.165	16.0	0	Linux	3.13.0-48-generic	x86_64	0.0	0.0	0.0	1142972.0	113436.0	2095100.0	2095100.0	294	53	58.98	58.67	56.08	
1432397190	0.0	91.2	8.7	1427368584	2	1.02	0.37	1427976658	31.24	80.17	35.735	2394.0	4047916.0	139200.0	59.051	39.5	0	Linux	3.13.0-48-generic	x86_64	0.1	0.0	0.0	2162332.0	6104.0	4192252.0	3988040.0	394	12	14.62	14.95	14.79	
1432397127	13.5	71.4	14.4	1427368452	2	3929.8	34903.93	1427976710	5.155908E7	331109.59	55.59	3391.0	3612028.0	268760.0	74.919	25.8	0	Linux	3.13.0-48-generic	x86	0.8	0.0	0.0	1400976.0	280856.0	3657724.0	3656840.0	885	40	51.04	51.42	53.67	
1432397155	0.9	90.0	9.1	1427367964	2	1.23	0.58	1427976695	45.73	98.45	51.35	2394.0	2049920.0	90856.0	61.165	16.0	0	Linux	3.13.0-48-generic	x86_64	0.0	0.0	0.0	1142972.0	113436.0	2095100.0	2095100.0	294	53	60.09	58.88	56.31	
1432397190	0.0	90.5	9.5	1427368584	2	1.02	0.37	1427976708	31.24	80.17	35.735	2394.0	4047916.0	153956.0	59.051	39.5	0	Linux	3.13.0-48-generic	x86_64	0.0	0.0	0.0	2152796.0	6052.0	4192252.0	3984316.0	394	18	16.43	15.4	14.95	
1432397127	11.6	71.5	16.2	1427368452	2	3828.05	35834.76	1427976747	5.3022412E7	322337.91	55.59	3391.0	3612028.0	255168.0	74.919	25.8	0	Linux	3.13.0-48-generic	x86	0.8	0.0	0.0	1404432.0	280868.0	3657724.0	3656840.0	881	80	63.9	54.28	54.53	
1432397155	1.0	89.8	9.1	1427367964	2	1.23	0.58	1427976751	45.73	98.45	51.35	2394.0	2049920.0	87476.0	61.165	16.0	0	Linux	3.13.0-48-generic	x86_64	0.0	0.0	0.0	1142972.0	113484.0	2095100.0	2095100.0	294	70	60.09	58.88	56.31	
1432397190	0.0	90.5	9.5	1427368584	2	1.33	0.48	1427976740	38.1	114.15	35.632	2394.0	4047916.0	139812.0	59.051	39.7	0	Linux	3.13.0-48-generic	x86_64	0.0	0.0	0.0	2165752.0	6096.0	4192252.0	3984004.0	394	18	16.43	15.4	14.95	
1432397127	15.2	69.4	14.4	1427368452	2	3860.06	35625.41	1427976787	5.2704136E7	325517.13	55.59	3391.0	3612028.0	267544.0	74.919	25.8	0	Linux	3.13.0-48-generic	x86	1.0	0.0	0.0	1407940.0	280876.0	3657724.0	3656840.0	881	80	57.53	53.39	54.18	
1432397155	1.0	89.8	9.1	1427367964	2	1.23	0.58	1427976791	45.73	98.45	51.35	2394.0	2049920.0	86228.0	61.165	16.0	0	Linux	3.13.0-48-generic	x86_64	0.0	0.0	0.0	1142972.0	113500.0	2095100.0	2095100.0	294	70	54.06	57.62	56.11	
1432397190	0.2	91.0	8.9	1427368584	2	1.33	0.48	1427976778	38.1	114.15	35.632	2394.0	4047916.0	141308.0	59.051	39.7	0	Linux	3.13.0-48-generic	x86_64	0.0	0.0	0.0	2165532.0	6064.0	4192252.0	3983596.0	394	12	16.43	15.4	14.95	
1432397127	14.2	70.6	14.4	1427368452	2	3863.95	33691.25	1427976827	4.9767196E7	323637.75	55.59	3391.0	3612028.0	251704.0	74.919	25.8	0	Linux	3.13.0-48-generic	x86	0.9	0.0	0.0	1411344.0	280888.0	3657724.0	3656840.0	856	96	48.09	51.57	53.55	
1432397155	1.0	90.0	9.1	1427367964	2	1.23	0.58	1427976831	45.73	98.45	51.35	2394.0	2049920.0	85080.0	61.165	16.0	0	Linux	3.13.0-48-generic	x86_64	0.0	0.0	0.0	1142972.0	113520.0	2095100.0	2095100.0	294	71	54.06	57.62	56.11	
1432397190	0.2	91.0	8.9	1427368584	2	1.33	0.48	1427976818	38.1	114.15	35.632	2394.0	4047916.0	147952.0	59.051	39.7	0	Linux	3.13.0-48-generic	x86_64	0.0	0.0	0.0	2161964.0	6036.0	4192252.0	3982836.0	394	12	16.53	15.57	15.04	